fullName,email,marketingConsent,createdAt
"Jane smith","jane@marc.com","true","2026-07-14T12:27:42.950Z"
"davi","testing@gmail.com","true","2026-07-14T13:37:55.153Z"
"Teste","teste@teste.com","true","2026-07-14T13:44:38.358Z"
"test2","test@test.com","true","2026-07-14T13:52:38.259Z"
"Fejzullah Bunjaku","fejzullahbunjaku@gmail.com","false","2026-07-14T19:39:09.123Z"
"Md Anamoul","anamoulm074@gmail.com","false","2026-07-16T08:56:55.370Z"
"Denan","denan233x@gmail.com","true","2026-07-16T08:58:29.546Z"
"Dolly Matoane","matoanegm@gmail.com","true","2026-07-16T08:58:34.660Z"
"Ripon","iqblahasanpppp@gmail.com","true","2026-07-16T09:00:13.431Z"
"Areesha Shamas","areeshashamas13@gmail.com","false","2026-07-16T09:00:57.859Z"
"Nining Thomas","niningthomas27@gmail.com","true","2026-07-16T09:01:16.133Z"
"Abaas Jutt","juttabaas493@gmail.com","true","2026-07-16T09:02:20.590Z"
"tuyishime nyota","nyotatuyishime366@gmail.com","true","2026-07-16T09:02:42.806Z"
"jeanny Ann","jeannyannanadon@gmail.com","false","2026-07-16T09:04:01.494Z"
"Athiaithok Panther","athiaithokpanther92@gmail.com","true","2026-07-16T09:04:32.028Z"
"Tamanna Chowdhury","jekjok517@gmail.com","false","2026-07-16T09:05:22.043Z"
"Loken Limbu","limbuloken@gmail.com","true","2026-07-16T09:07:10.026Z"
"Fawad khan","fawadland@gmail.com","true","2026-07-16T09:07:23.781Z"
"03297567497","asadkhan12ak14ak@gmail.com","true","2026-07-16T09:07:55.485Z"
"Moreblessing feremenga","feremengamoreblessing@gmail.com","false","2026-07-16T09:09:09.069Z"
"Rivonirina stella pascal","stellapascal@gmail.com","true","2026-07-16T09:09:53.329Z"
"Monir","mmhhss225511@gmail.com","false","2026-07-16T09:10:03.963Z"
"سید حسن اخلاصی","sydhsnakhlasy@gmail.com","true","2026-07-16T09:15:24.653Z"
"Tupac","yusuftupac66@gmail.com","false","2026-07-16T10:01:45.721Z"
"Sharmin Akter","sa2360583@gmail.com","true","2026-07-16T10:43:59.578Z"
"mdrohim mollah","mdrohimmollah59@gmail.com","false","2026-07-16T10:56:35.939Z"
"Mohamed Elzaki","mconan@gmail.com","false","2026-07-17T07:41:54.289Z"
"Fredua Agyemang","kempistores@gmail.com","true","2026-07-17T18:30:39.870Z"
"Anders Kjaerby Eriksen","eriksenanders@yahoo.com","true","2026-07-17T19:35:01.591Z"
"A B","idealboxxx@gmail.com","true","2026-07-18T19:06:29.722Z"
"Milton","retirewithmilton@live.com","false","2026-07-19T20:12:45.679Z"
"J.N","jnbusby81@gmail.com","true","2026-07-19T23:54:50.529Z"
"Fabrício Oliveira","fabricio@numoraculo.com","true","2026-07-20T14:19:50.315Z"
"test local ads","german@localads.com","true","2026-07-28T14:27:44.133Z","/de/local-ads"
"local ads 2","tet@localads2.com","false","2026-07-28T14:32:44.411Z","/de/local-ads-2"
"test2","test@localads2.com","true","2026-07-28T14:34:43.079Z","/de/local-ads-2"
"Milon Me","mem806043@gmail.com","true","2026-07-28T19:14:18.507Z","/local-ads-2"
"Amewouga Assogba","amewougaassogba9@gmail.com","true","2026-07-28T22:45:09.321Z","/local-ads"
"سجاد محمد","jjhohosionnsvk@gmail.com","true","2026-07-28T22:54:20.514Z","/local-ads"
"محمد اشرف","_@gmail.com","true","2026-07-29T00:54:52.246Z","/local-ads"
"Angel Sandoval","angel12margarita@gmail.com","true","2026-07-29T02:44:23.300Z","/local-ads"
"Iman","imanechaibi9810@gmail.com","true","2026-07-29T06:03:09.510Z","/local-ads-2"
"Houcine Bechi","houcinebechi37@gmail.com","true","2026-07-29T10:38:54.058Z","/de/local-ads"
"Mohamad","awsamdahman@gmail.com","true","2026-07-30T07:14:13.459Z","/local-ads"
"Sintayehu Fikadu","fikadus588@gmail.com","true","2026-07-30T07:24:15.326Z","/local-ads"
"Ismael","billyramaroson@gmail.com","true","2026-07-30T10:09:36.801Z","/de/local-ads-2"
"Mamun Khan","rjmamunkhan414@gmail.com","true","2026-07-30T10:29:04.981Z","/local-ads"
"Ammar Tabani","ammartabani383@gmail.com","true","2026-07-30T10:34:23.822Z","/local-ads"
"AWSAM DAHMAN","awsamdahman@gmail.com","false","2026-07-30T11:24:08.288Z","/local-ads"
"Mohameb","saidiat75@gmail.com","true","2026-07-30T11:54:07.770Z","/local-ads"
"ادلمي عبدرمن","tahherdadi@gmail.com","true","2026-07-30T17:16:25.619Z","/local-ads"
"Antor","aray40449@gmail.com","true","2026-07-30T18:41:49.527Z","/local-ads-2"
"Chukwudi Stanely","stanelychukwudi053@gmail.com","true","2026-07-30T21:23:44.725Z","/local-ads"
"Abdul Hamid","loganconstructionus@gmail.com","true","2026-07-30T21:44:28.563Z","/local-ads-2"
"Ebrahim","ebrahim12444r4@gmail.com","true","2026-07-30T23:19:03.927Z","/local-ads-2"
"Kenneth Devotion","kennethdevotion@gmail.com","true","2026-07-31T01:33:14.254Z","/local-ads"
"AaeMai Tai Fixphone","aaefixphone113@gmail.com","true","2026-07-31T08:23:19.796Z","/local-ads"
"bagher","baghergholami370@gmail.com","true","2026-08-01T10:15:43.697Z","/local-ads"
"Chander","c91856706@gmail.com","true","2026-08-01T15:26:43.279Z","/local-ads"
"baghergholami","baghergholami370@gmail.com","true","2026-08-01T16:41:24.180Z","/local-ads"
"Santosh Shah","sannohsantosh2027shah@gmail.com","true","2026-08-02T02:15:51.755Z","/local-ads"
"عبدالهادی راسخ","bdalhadyraskh6@gmail.com","true","2026-08-02T06:54:08.342Z","/local-ads"
"عبدالهادی راسخ","bdalhadyraskh6@gmail.com","true","2026-08-02T07:03:09.923Z","/local-ads"
"Binod Magar","bm733635@gmail.com","true","2026-08-02T09:38:15.473Z","/local-ads"
